15.04909955,15.62898239,15.6283346
15.62898239,15.6283346,15.00055969
15.6283346,15.00055969,13.80732812
15.00055969,13.80732812,12.20002538
13.80732812,12.20002538,10.37094615
12.20002538,10.37094615,8.50181629
10.37094615,8.50181629,6.731064895
8.50181629,6.731064895,5.144213702
6.731064895,5.144213702,3.78007995
5.144213702,3.78007995,2.643423188
3.78007995,2.643423188,1.717724807
2.643423188,1.717724807,0.975336594
1.717724807,0.975336594,0.384476332
0.975336594,0.384476332,-0.086469888
0.384476332,-0.086469888,-0.466627907
-0.086469888,-0.466627907,-0.781647674
-0.466627907,-0.781647674,-1.053546166
-0.781647674,-1.053546166,-1.301027779
-1.053546166,-1.301027779,-1.540047677
-1.301027779,-1.540047677,-1.784470492
-1.540047677,-1.784470492,-2.046736197
-1.784470492,-2.046736197,-2.338482534
-2.046736197,-2.338482534,-2.671093406
-2.338482534,-2.671093406,-3.056147876
-2.671093406,-3.056147876,-3.505735536
-3.056147876,-3.505735536,-4.032579718
-3.505735536,-4.032579718,-4.64986724
-4.032579718,-4.64986724,-5.370618323
-4.64986724,-5.370618323,-6.206342911
-5.370618323,-6.206342911,-7.164633008
-6.206342911,-7.164633008,-8.245282604
-7.164633008,-8.245282604,-9.434623754
-8.245282604,-9.434623754,-10.69824009
-9.434623754,-10.69824009,-11.97336283
-10.69824009,-11.97336283,-13.16419767
-11.97336283,-13.16419767,-14.14552333
-13.16419767,-14.14552333,-14.78002497
-14.14552333,-14.78002497,-14.95002249
-14.78002497,-14.95002249,-14.59432744
-14.95002249,-14.59432744,-13.73256709
-14.59432744,-13.73256709,-12.46239833
-13.73256709,-12.46239833,-10.93044389
-12.46239833,-10.93044389,-9.292732481
-10.93044389,-9.292732481,-7.682527822
-9.292732481,-7.682527822,-6.194260079
-7.682527822,-6.194260079,-4.882100505
-6.194260079,-4.882100505,-3.767055934
-4.882100505,-3.767055934,-2.846830693
-3.767055934,-2.846830693,-2.104998176
-2.846830693,-2.104998176,-1.518097319
-2.104998176,-1.518097319,-1.060493538
-1.518097319,-1.060493538,-0.707367822
-1.060493538,-0.707367822,-0.436325594
-0.707367822,-0.436325594,-0.22807214
-0.436325594,-0.22807214,-0.066503667
-0.22807214,-0.066503667,0.061535768
-0.066503667,0.061535768,0.166663245
0.061535768,0.166663245,0.257425846
0.166663245,0.257425846,0.340767789
0.257425846,0.340767789,0.422464474
0.340767789,0.422464474,0.507511731
0.422464474,0.507511731,0.600470611
0.507511731,0.600470611,0.705774953
0.600470611,0.705774953,0.828012444
0.705774953,0.828012444,0.972191218
0.828012444,0.972191218,1.144003936
0.972191218,1.144003936,1.350099937
1.144003936,1.350099937,1.598373328
1.350099937,1.598373328,1.898269589
1.598373328,1.898269589,2.26110356
1.898269589,2.26110356,2.700363664
2.26110356,2.700363664,3.231944444
2.700363664,3.231944444,3.874191271
3.231944444,3.874191271,4.647541025
3.874191271,4.647541025,5.573379717
4.647541025,5.573379717,6.671494635
5.573379717,6.671494635,7.955191511
6.671494635,7.955191511,9.422907055
7.955191511,9.422907055,11.04537646
9.422907055,11.04537646,12.74897675
11.04537646,12.74897675,14.39994159
12.74897675,14.39994159,15.80081995
14.39994159,15.80081995,16.71545054
15.80081995,16.71545054,16.93114991
16.71545054,16.93114991,16.3397424
16.93114991,16.3397424,14.990458
16.3397424,14.990458,13.07541186
14.990458,13.07541186,10.85677616
13.07541186,10.85677616,8.584001237
10.85677616,8.584001237,6.442104892
8.584001237,6.442104892,4.538995733
6.442104892,4.538995733,2.917616046
4.538995733,2.917616046,1.576309215
2.917616046,1.576309215,0.487577242
1.576309215,0.487577242,-0.388165997
0.487577242,-0.388165997,-1.093819019
-0.388165997,-1.093819019,-1.670622304
-1.093819019,-1.670622304,-2.155749285
-1.670622304,-2.155749285,-2.58148172
-2.155749285,-2.58148172,-2.975287427
-2.58148172,-2.975287427,-3.360350019
-2.975287427,-3.360350019,-3.756260234
-3.360350019,-3.756260234,-4.179680238
-3.756260234,-4.179680238,-4.644850908
-4.179680238,-4.644850908,-5.163839279
-4.644850908,-5.163839279,-5.74642856
-5.163839279,-5.74642856,-6.399546534
-5.74642856,-6.399546534,-7.126124711
-6.399546534,-7.126124711,-7.92330578
-7.126124711,-7.92330578,-8.780011637
-7.92330578,-8.780011637,-9.674103747
-8.780011637,-9.674103747,-10.56975785
-9.674103747,-10.56975785,-11.41620936
-10.56975785,-11.41620936,-12.14949664
-11.41620936,-12.14949664,-12.69877369
-12.14949664,-12.69877369,-12.99761209
-12.69877369,-12.99761209,-12.99834417
-12.99761209,-12.99834417,-12.68492225
-12.99834417,-12.68492225,-12.07896781
-12.68492225,-12.07896781,-11.23601047
-12.07896781,-11.23601047,-10.23332257
-11.23601047,-10.23332257,-9.154286354
-10.23332257,-9.154286354,-8.074711432
-9.154286354,-8.074711432,-7.054338909
-8.074711432,-7.054338909,-6.13394563
-7.054338909,-6.13394563,-5.336621648
-6.13394563,-5.336621648,-4.671287316
-5.336621648,-4.671287316,-4.136864737
-4.671287316,-4.136864737,-3.726133757
-4.136864737,-3.726133757,-3.428837471
-3.726133757,-3.428837471,-3.233948966
-3.428837471,-3.233948966,-3.131189629
-3.233948966,-3.131189629,-3.111955745
-3.131189629,-3.111955745,-3.169814138
-3.111955745,-3.169814138,-3.300702307
-3.169814138,-3.300702307,-3.502932372
-3.300702307,-3.502932372,-3.777059528
-3.502932372,-3.777059528,-4.125637526
-3.777059528,-4.125637526,-4.552845101
-4.125637526,-4.552845101,-5.063926558
-4.552845101,-5.063926558,-5.664345501
-5.063926558,-5.664345501,-6.358505433
-5.664345501,-6.358505433,-7.147856075
-6.358505433,-7.147856075,-8.02820936
-7.147856075,-8.02820936,-8.986192393
-8.02820936,-8.986192393,-9.995057427
-8.986192393,-9.995057427,-11.01064585
-9.995057427,-11.01064585,-11.96915853
-11.01064585,-11.96915853,-12.78920859
-11.96915853,-12.78920859,-13.38063247
-12.78920859,-13.38063247,-13.66067458
-13.38063247,-13.66067458,-13.57422571
-13.66067458,-13.57422571,-13.11072253
-13.57422571,-13.11072253,-12.30971568
-13.11072253,-12.30971568,-11.2518725
-12.30971568,-11.2518725,-10.03946866
-11.2518725,-10.03946866,-8.774827458
-10.03946866,-8.774827458,-7.544100486
-8.774827458,-7.544100486,-6.409385716
-7.544100486,-6.409385716,-5.408141952
-6.409385716,-5.408141952,-4.557052185
-5.408141952,-4.557052185,-3.857598907
-4.557052185,-3.857598907,-3.301544353
-3.857598907,-3.301544353,-2.875446235
-3.301544353,-2.875446235,-2.563975666
-2.875446235,-2.563975666,-2.35213686
-2.563975666,-2.35213686,-2.226615938
-2.35213686,-2.226615938,-2.176502863
-2.226615938,-2.176502863,-2.193598126
-2.176502863,-2.193598126,-2.272468131
-2.193598126,-2.272468131,-2.410365898
-2.272468131,-2.410365898,-2.607092422
-2.410365898,-2.607092422,-2.864839324
-2.607092422,-2.864839324,-3.188023318
-2.864839324,-3.188023318,-3.583093801
-3.188023318,-3.583093801,-4.058262154
-3.583093801,-4.058262154,-4.623059695
-4.058262154,-4.623059695,-5.287575934
-4.623059695,-5.287575934,-6.061157987
-5.287575934,-6.061157987,-6.950274637
-6.061157987,-6.950274637,-7.95519873
-6.950274637,-7.95519873,-9.065224194
-7.95519873,-9.065224194,-10.252471
-9.065224194,-10.252471,-11.46517034
-10.252471,-11.46517034,-12.62280411
-11.46517034,-12.62280411,-13.61723956
-12.62280411,-13.61723956,-14.32463611
-13.61723956,-14.32463611,-14.63008937
-14.32463611,-14.63008937,-14.45968759
-14.63008937,-14.45968759,-13.80662393
-14.45968759,-13.80662393,-12.73713457
-13.80662393,-12.73713457,-11.3721218
-12.73713457,-11.3721218,-9.854143816
-11.3721218,-9.854143816,-8.315460438
-9.854143816,-8.315460438,-6.857987837
-8.315460438,-6.857987837,-5.547060945
-6.857987837,-5.547060945,-4.414957682
-5.547060945,-4.414957682,-3.468889651
-4.414957682,-3.468889651,-2.699597347
-3.468889651,-2.699597347,-2.08859683
-2.699597347,-2.08859683,-1.613490723
-2.08859683,-1.613490723,-1.251464326
-1.613490723,-1.251464326,-0.981348327
-1.251464326,-0.981348327,-0.784660049
-0.981348327,-0.784660049,-0.645973641
-0.784660049,-0.645973641,-0.552885282
-0.645973641,-0.552885282,-0.495761203
-0.552885282,-0.495761203,-0.467393374
-0.495761203,-0.467393374,-0.462640856
-0.467393374,-0.462640856,-0.478101953
-0.462640856,-0.478101953,-0.511840513
-0.478101953,-0.511840513,-0.563176115
-0.511840513,-0.563176115,-0.632540171
-0.563176115,-0.632540171,-0.721396146
-0.632540171,-0.721396146,-0.832220826
-0.721396146,-0.832220826,-0.96854367
-0.832220826,-0.96854367,-1.135041975
-0.96854367,-1.135041975,-1.337690062
-1.135041975,-1.337690062,-1.583959977
-1.337690062,-1.583959977,-1.883068054
-1.583959977,-1.883068054,-2.246253654
-1.883068054,-2.246253654,-2.687059715
-2.246253654,-2.687059715,-3.221552478
-2.687059715,-3.221552478,-3.86835896
-3.221552478,-3.86835896,-4.648298277
-3.86835896,-4.648298277,-5.583214534
-4.648298277,-5.583214534,-6.693365699
-5.583214534,-6.693365699,-7.992401017
-6.693365699,-7.992401017,-9.478704955
-7.992401017,-9.478704955,-11.12212172
-9.478704955,-11.12212172,-12.84671371
-11.12212172,-12.84671371,-14.51450196
-12.84671371,-14.51450196,-15.92216074
-14.51450196,-15.92216074,-16.82766674
-15.92216074,-16.82766674,-17.01554097
-16.82766674,-17.01554097,-16.3804997
-17.01554097,-16.3804997,-14.97996579
-16.3804997,-14.97996579,-13.01583337
-14.97996579,-13.01583337,-10.75744646
-13.01583337,-10.75744646,-8.45702286
-10.75744646,-8.45702286,-6.298735853
-8.45702286,-6.298735853,-4.387832468
-6.298735853,-4.387832468,-2.764251577
-4.387832468,-2.764251577,-1.423763988
-2.764251577,-1.423763988,-0.336963973
-1.423763988,-0.336963973,0.53702
-0.336963973,0.53702,1.241887504
0.53702,1.241887504,1.819339399
1.241887504,1.819339399,2.306784898
1.819339399,2.306784898,2.736598561
2.306784898,2.736598561,3.136248043
2.736598561,3.136248043,3.52884708
3.136248043,3.52884708,3.933847202
3.52884708,3.933847202,4.367681648
3.933847202,4.367681648,4.844231834
4.367681648,4.844231834,5.37501299
4.844231834,5.37501299,5.968981588
5.37501299,5.968981588,6.631864693
5.968981588,6.631864693,7.364917618
6.631864693,7.364917618,8.163059499
7.364917618,8.163059499,9.012458858
8.163059499,9.012458858,9.88789264
9.012458858,9.88789264,10.75060899
9.88789264,10.75060899,11.54791787
10.75060899,11.54791787,12.21605591
11.54791787,12.21605591,12.68755221
12.21605591,12.68755221,12.90291372
12.68755221,12.90291372,12.82410489
12.90291372,12.82410489,12.44523862
12.82410489,12.44523862,11.79591173
12.44523862,11.79591173,10.93541911
11.79591173,10.93541911,9.940132042
10.93541911,9.940132042,8.888937152
9.940132042,8.888937152,7.851381052
8.888937152,7.851381052,6.880890619
7.851381052,6.880890619,6.012992577
6.880890619,6.012992577,5.267047339
6.012992577,5.267047339,4.649747385
5.267047339,4.649747385,4.159023952
4.649747385,4.159023952,3.787565237
4.159023952,3.787565237,3.525608576
3.787565237,3.525608576,3.362957904
3.525608576,3.362957904,3.290322445
3.362957904,3.290322445,3.300122865
3.290322445,3.300122865,3.386909467
3.300122865,3.386909467,3.547510891
3.386909467,3.547510891,3.78099645
3.547510891,3.78099645,4.088497407
3.78099645,4.088497407,4.472894208
4.088497407,4.472894208,4.938337238
4.472894208,4.938337238,5.489527197
4.938337238,5.489527197,6.130638631
5.489527197,6.130638631,6.863734026
6.130638631,6.863734026,7.686506332
6.863734026,7.686506332,8.589247376
7.686506332,8.589247376,9.551138696
8.589247376,9.551138696,10.53638551
9.551138696,10.53638551,11.49139982
10.53638551,11.49139982,12.34502565
11.49139982,12.34502565,13.01415291
12.34502565,13.01415291,13.41610715
13.01415291,13.41610715,13.4863449
13.41610715,13.4863449,13.19611125
13.4863449,13.19611125,12.56259227
13.19611125,12.56259227,11.64637542
12.56259227,11.64637542,10.53705096
11.64637542,10.53705096,9.333313178
10.53705096,9.333313178,8.125159392
9.333313178,8.125159392,6.982870639
8.125159392,6.982870639,5.953404537
6.982870639,5.953404537,5.062203841
5.953404537,5.062203841,4.317770545
5.062203841,4.317770545,3.716913802
4.317770545,3.716913802,3.249462371
3.716913802,3.249462371,2.901952504
3.249462371,2.901952504,2.660239611
2.901952504,2.660239611,2.511188677
2.660239611,2.511188677,2.443662835
2.511188677,2.443662835,2.449021548
2.443662835,2.449021548,2.521302469
2.449021548,2.521302469,2.657216232
2.521302469,2.657216232,2.856040866
2.657216232,2.856040866,3.119464771
2.856040866,3.119464771,3.451393324
3.119464771,3.451393324,3.857701193
3.451393324,3.857701193,4.345876093
3.857701193,4.345876093,4.92445558
4.345876093,4.92445558,5.602103208
4.92445558,5.602103208,6.386105753
5.602103208,6.386105753,7.280014474
6.386105753,7.280014474,8.280144487
7.280014474,8.280144487,9.370781912
8.280144487,9.370781912,10.51838615
9.370781912,10.51838615,11.66599115
10.51838615,11.66599115,12.73040585
11.66599115,12.73040585,13.60611828
12.73040585,13.60611828,14.17953953
13.60611828,14.17953953,14.35358812
14.17953953,14.35358812,14.07578983
14.35358812,14.07578983,13.35745099
14.07578983,13.35745099,12.27331911
13.35745099,12.27331911,10.94127368
12.27331911,10.94127368,9.492293144
10.94127368,9.492293144,8.043798966
9.492293144,8.043798966,6.68416377
8.043798966,6.68416377,5.468841817
6.68416377,5.468841817,4.424293036
5.468841817,4.424293036,3.555281869
4.424293036,3.555281869,2.852453553
3.555281869,2.852453553,2.298655182
2.852453553,2.298655182,1.873560715
2.298655182,1.873560715,1.556723041
1.873560715,1.556723041,1.329384755
1.556723041,1.329384755,1.175403244
1.329384755,1.175403244,1.08159402
1.175403244,1.08159402,1.037724907
1.08159402,1.037724907,1.036326746
1.037724907,1.036326746,1.07243183
1.036326746,1.07243183,1.143310446
1.07243183,1.143310446,1.24824694
1.143310446,1.24824694,1.388377096
1.24824694,1.388377096,1.566595606
1.388377096,1.566595606,1.787533543
1.566595606,1.787533543,2.057598413
1.787533543,2.057598413,2.38506092
2.057598413,2.38506092,2.780159662
2.38506092,2.780159662,3.255172765
2.780159662,3.255172765,3.824367316
3.255172765,3.824367316,4.503673573
3.824367316,4.503673573,5.309829883
4.503673573,5.309829883,6.258596925
5.309829883,6.258596925,7.361456334
6.258596925,7.361456334,8.620056232
7.361456334,8.620056232,10.01774555
8.620056232,10.01774555,11.50828014
10.01774555,11.50828014,13.00382953
11.50828014,13.00382953,14.36811159
13.00382953,14.36811159,15.42442679
14.36811159,15.42442679,15.98773936
15.42442679,15.98773936,15.91863387
15.98773936,15.91863387,15.17718091
15.91863387,15.17718091,13.84440973
15.17718091,13.84440973,12.09570271
13.84440973,12.09570271,10.14277617
12.09570271,10.14277617,8.177418863
10.14277617,8.177418863,6.339304142
8.177418863,6.339304142,4.709647425
6.339304142,4.709647425,3.320729392
4.709647425,3.320729392,2.170729049
3.320729392,2.170729049,1.237533612
2.170729049,1.237533612,0.489156965
1.237533612,0.489156965,-0.109376711
0.489156965,-0.109376711,-0.591982742
-0.109376711,-0.591982742,-0.989464963
-0.591982742,-0.989464963,-1.328761934
-0.989464963,-1.328761934,-1.632974196
-1.328761934,-1.632974196,-1.921819537
-1.632974196,-1.921819537,-2.212286331
-1.921819537,-2.212286331,-2.519340415
-2.212286331,-2.519340415,-2.856595664
-2.519340415,-2.856595664,-3.236888524
-2.856595664,-3.236888524,-3.672706281
-3.236888524,-3.672706281,-4.176409814
-3.672706281,-4.176409814,-4.760164135
-4.176409814,-4.760164135,-5.435444203
-4.760164135,-5.435444203,-6.211922287
-5.435444203,-6.211922287,-7.095480429
-6.211922287,-7.095480429,-8.08506611
-7.095480429,-8.08506611,-9.168206718
-8.08506611,-9.168206718,-10.3153683
-9.168206718,-10.3153683,-11.47417185
-10.3153683,-11.47417185,-12.56582552
-11.47417185,-12.56582552,-13.48755448
-12.56582552,-13.48755448,-14.12497359
-13.48755448,-14.12497359,-14.37535875
-14.12497359,-14.37535875,-14.17622983
-14.37535875,-14.17622983,-13.52725134
-14.17622983,-13.52725134,-12.49369639
-13.52725134,-12.49369639,-11.18889895
-12.49369639,-11.18889895,-9.744616476
-11.18889895,-9.744616476,-8.282777049
-9.744616476,-8.282777049,-6.897743296
-8.282777049,-6.897743296,-5.650665565
-6.897743296,-5.650665565,-4.572476653
-5.650665565,-4.572476653,-3.670962131
-4.572476653,-3.670962131,-2.938502825
-3.670962131,-2.938502825,-2.358707099
-2.938502825,-2.358707099,-1.91134964
-2.358707099,-1.91134964,-1.575680324
-1.91134964,-1.575680324,-1.332421746
-1.575680324,-1.332421746,-1.164818365
-1.332421746,-1.164818365,-1.059054836
-1.164818365,-1.059054836,-1.004289737
-1.059054836,-1.004289737,-0.992481652
-1.004289737,-0.992481652,-1.0181274
-0.992481652,-1.0181274,-1.0779889
-1.0181274,-1.0779889,-1.170854287
-1.0779889,-1.170854287,-1.297357892
-1.170854287,-1.297357892,-1.459869936
-1.297357892,-1.459869936,-1.66245771
-1.459869936,-1.66245771,-1.910913178
-1.66245771,-1.910913178,-2.212834978
-1.910913178,-2.212834978,-2.577742593
-2.212834978,-2.577742593,-3.017183141
-2.577742593,-3.017183141,-3.544760868
-3.017183141,-3.544760868,-4.175967522
-3.544760868,-4.175967522,-4.927607016
-4.175967522,-4.927607016,-5.816478395
-4.927607016,-5.816478395,-6.8568049
-5.816478395,-6.8568049,-8.05570887
-6.8568049,-8.05570887,-9.405964794
-8.05570887,-9.405964794,-10.87564357
-9.405964794,-10.87564357,-12.39568076
-10.87564357,-12.39568076,-13.8494836
-12.39568076,-13.8494836,-15.07304047
-13.8494836,-15.07304047,-15.87627854
-15.07304047,-15.87627854,-16.09009021
-15.87627854,-16.09009021,-15.62544545
-16.09009021,-15.62544545,-14.51312478
-15.62544545,-14.51312478,-12.89711766
-14.51312478,-12.89711766,-10.98489338
-12.89711766,-10.98489338,-8.985189686
-10.98489338,-8.985189686,-7.063600183
-8.985189686,-7.063600183,-5.326152191
-7.063600183,-5.326152191,-3.823933471
-5.326152191,-3.823933471,-2.567124416
-3.823933471,-2.567124416,-1.54000135
-2.567124416,-1.54000135,-0.713047599
-1.54000135,-0.713047599,-0.051333806
-0.713047599,-0.051333806,0.48032636
-0.051333806,0.48032636,0.914588072
0.48032636,0.914588072,1.280366942
0.914588072,1.280366942,1.602608203
1.280366942,1.602608203,1.902612524
1.602608203,1.902612524,2.198639738
1.902612524,2.198639738,2.506612886
2.198639738,2.506612886,2.840811556
2.506612886,2.840811556,3.214482461
2.840811556,3.214482461,3.640311632
3.214482461,3.640311632,4.130699346
3.640311632,4.130699346,4.697756935
4.130699346,4.697756935,5.352904429
4.697756935,5.352904429,6.105892394
5.352904429,6.105892394,6.963012131
6.105892394,6.963012131,7.924228962
6.963012131,7.924228962,8.979047675
7.924228962,8.979047675,10.1012293
8.979047675,10.1012293,11.24319593
10.1012293,11.24319593,12.33216788
11.24319593,12.33216788,13.27145099
12.33216788,13.27145099,13.95071122
13.27145099,13.95071122,14.26678749
13.95071122,14.26678749,14.1508563
14.26678749,14.1508563,13.59134132
14.1508563,13.59134132,12.6408063
13.59134132,12.6408063,11.40245859
12.6408063,11.40245859,10.0029933
11.40245859,10.0029933,8.564401907
10.0029933,8.564401907,7.184622384
8.564401907,7.184622384,5.929889806
7.184622384,5.929889806,4.836203057
5.929889806,4.836203057,3.915573213
4.836203057,3.915573213,3.163507009
3.915573213,3.163507009,2.565707009
3.163507009,2.565707009,2.103216961
2.565707009,2.103216961,1.755964219
2.103216961,1.755964219,1.504965333
1.755964219,1.504965333,1.333540273
1.504965333,1.333540273,1.227852712
1.333540273,1.227852712,1.177029476
1.227852712,1.177029476,1.173044796
1.177029476,1.173044796,1.210497267
1.173044796,1.210497267,1.286362602
1.210497267,1.286362602,1.399772637
1.286362602,1.399772637,1.551848159
1.399772637,1.551848159,1.745597452
1.551848159,1.745597452,1.985881036
1.745597452,1.985881036,2.279433263
1.985881036,2.279433263,2.634919819
2.279433263,2.634919819,3.062992975
2.634919819,3.062992975,3.576277977
3.062992975,3.576277977,4.189176679
3.576277977,4.189176679,4.917298663
4.189176679,4.917298663,5.776215879
4.917298663,5.776215879,6.779083523
5.776215879,6.779083523,7.93250922
6.779083523,7.93250922,9.229998912
7.93250922,9.229998912,10.64263829
9.229998912,10.64263829,12.10787743
10.64263829,12.10787743,13.51990079
12.10787743,13.51990079,14.72881099
13.51990079,14.72881099,15.55809129
14.72881099,15.55809129,15.84512334
15.55809129,15.84512334,15.49470049
15.84512334,15.49470049,14.51900848
15.49470049,14.51900848,13.03828853
14.51900848,13.03828853,11.24052572
13.03828853,11.24052572,9.324672423
11.24052572,9.324672423,7.455934382
9.324672423,7.455934382,5.745799161
7.455934382,5.745799161,4.252935602
5.745799161,4.252935602,2.994798351
4.252935602,2.994798351,1.961558617
2.994798351,1.961558617,1.128016747
1.961558617,1.128016747,0.462196878
1.128016747,0.462196878,-0.069155835
0.462196878,-0.069155835,-0.497455474
-0.069155835,-0.497455474,-0.850795324
-0.497455474,-0.850795324,-1.153514217
-0.850795324,-1.153514217,-1.426381462
-1.153514217,-1.426381462,-1.687111391
-1.426381462,-1.687111391,-1.951022007
-1.687111391,-1.951022007,-2.231723657
-1.951022007,-2.231723657,-2.541769441
-2.231723657,-2.541769441,-2.893224081
-2.541769441,-2.893224081,-3.298115688
-2.893224081,-3.298115688,-3.768726381
-3.298115688,-3.768726381,-4.317652382
-3.768726381,-4.317652382,-4.957519812
-4.317652382,-4.957519812,-5.700177675
-4.957519812,-5.700177675,-6.555108886
-5.700177675,-6.555108886,-7.526726508
-6.555108886,-7.526726508,-8.610218296
-7.526726508,-8.610218296,-9.785801921
-8.610218296,-9.785801921,-11.01187451
-9.785801921,-11.01187451,-12.21880745
-11.01187451,-12.21880745,-13.30696809
-12.21880745,-13.30696809,-14.15397099
-13.30696809,-14.15397099,-14.63498376
-14.15397099,-14.63498376,-14.65405138
-14.63498376,-14.65405138,-14.17543828
-14.65405138,-14.17543828,-13.23914453
-14.17543828,-13.23914453,-11.95108296
-13.23914453,-11.95108296,-10.45287824
-11.95108296,-10.45287824,-8.886717809
-10.45287824,-8.886717809,-7.369441201
-8.886717809,-7.369441201,-5.981204331
-7.369441201,-5.981204331,-4.766152199
-5.981204331,-4.766152199,-3.739584812
-4.766152199,-3.739584812,-2.896915638
-3.739584812,-2.896915638,-2.221735108
-2.896915638,-2.221735108,-1.691964814
-2.221735108,-1.691964814,-1.284044675
-1.691964814,-1.284044675,-0.975495447
-1.284044675,-0.975495447,-0.746289506
-0.975495447,-0.746289506,-0.579418725
-0.746289506,-0.579418725,-0.460963103
-0.579418725,-0.460963103,-0.379878587
-0.460963103,-0.379878587,-0.327651625
-0.379878587,-0.327651625,-0.297914239
-0.327651625,-0.297914239,-0.286074979
-0.297914239,-0.286074979,-0.288995144
-0.286074979,-0.288995144,-0.304723083
-0.288995144,-0.304723083,-0.332289508
-0.304723083,-0.332289508,-0.371561572
-0.332289508,-0.371561572,-0.423151308
-0.371561572,-0.423151308,-0.488373763
-0.423151308,-0.488373763,-0.569251047
-0.488373763,-0.569251047,-0.668559938
-0.569251047,-0.668559938,-0.789922325
-0.668559938,-0.789922325,-0.937939342
-0.789922325,-0.937939342,-1.118371127
-0.937939342,-1.118371127,-1.338364376
-1.118371127,-1.338364376,-1.606728161
-1.338364376,-1.606728161,-1.934253281
-1.606728161,-1.934253281,-2.33405856
-1.934253281,-2.33405856,-2.821923355
-2.33405856,-2.821923355,-3.416519365
-2.821923355,-3.416519365,-4.139370456
-3.416519365,-4.139370456,-5.014222203
-4.139370456,-5.014222203,-6.065262787
-5.014222203,-6.065262787,-7.313285268
-6.065262787,-7.313285268,-8.768471302
-7.313285268,-8.768471302,-10.41828321
-8.768471302,-10.41828321,-12.2097403
-10.41828321,-12.2097403,-14.0285838
-12.2097403,-14.0285838,-15.68491194
-14.0285838,-15.68491194,-16.92381889
-15.68491194,-16.92381889,-17.47985804
-16.92381889,-17.47985804,-17.17037491
-17.47985804,-17.17037491,-15.98065647
-17.17037491,-15.98065647,-14.07928589
-15.98065647,-14.07928589,-11.7494849
-14.07928589,-11.7494849,-9.286510425
-11.7494849,-9.286510425,-6.922137919
-9.286510425,-6.922137919,-4.798548815
-6.922137919,-4.798548815,-2.978132433
-4.798548815,-2.978132433,-1.467144693
-2.978132433,-1.467144693,-0.23882826
-1.467144693,-0.23882826,0.749378741
-0.23882826,0.749378741,1.544848792
0.749378741,1.544848792,2.193539615
1.544848792,2.193539615,2.736942302
2.193539615,2.736942302,3.210960086
2.736942302,3.210960086,3.64586645
3.210960086,3.64586645,4.066791694
3.64586645,4.066791694,4.49438895
4.066791694,4.49438895,4.945457019
4.49438895,4.945457019,5.43337204
4.945457019,5.43337204,5.968221329
5.43337204,5.968221329,6.556556267
5.968221329,6.556556267,7.20070291
6.556556267,7.20070291,7.897609153
7.20070291,7.897609153,8.637291921
7.897609153,8.637291921,9.401104854
8.637291921,9.401104854,10.16028981
9.401104854,10.16028981,10.87556862
10.16028981,10.87556862,11.49874345
10.87556862,11.49874345,11.97716208
11.49874345,11.97716208,12.26120772
11.97716208,12.26120772,12.31367193
12.26120772,12.31367193,12.11846448
12.31367193,12.11846448,11.68555318
12.11846448,11.68555318,11.05003706
11.68555318,11.05003706,10.26553068
11.05003706,10.26553068,9.394256685
10.26553068,9.394256685,8.497112327
9.394256685,8.497112327,7.62625623
8.497112327,7.62625623,6.821236948
7.62625623,6.821236948,6.108329257
6.821236948,6.108329257,5.50204951
6.108329257,5.50204951,5.007744921
5.50204951,5.007744921,4.624411633
5.007744921,4.624411633,4.347235944
4.624411633,4.347235944,4.169633474
4.347235944,4.169633474,4.084743274
4.169633474,4.084743274,4.086429392
4.084743274,4.086429392,4.169877823
4.086429392,4.169877823,4.331876178
4.169877823,4.331876178,4.570843539
4.331876178,4.570843539,4.886648938
4.570843539,4.886648938,5.280223996
4.886648938,5.280223996,5.752941699
5.280223996,5.752941699,6.305702661
5.752941699,6.305702661,6.937649675
6.305702661,6.937649675,7.644435324
6.937649675,7.644435324,8.416021872
7.644435324,8.416021872,9.234134891
8.416021872,9.234134891,10.06975955
9.234134891,10.06975955,10.88146137
10.06975955,10.88146137,11.6157256
10.88146137,11.6157256,12.21065737
11.6157256,12.21065737,12.60384355
12.21065737,12.60384355,12.74366716
12.60384355,12.74366716,12.60126099
12.74366716,12.60126099,12.17884427
12.60126099,12.17884427,11.51082236
12.17884427,11.51082236,10.65690311
11.51082236,10.65690311,9.689911905
10.65690311,9.689911905,8.682771652
9.689911905,8.682771652,7.698451455
8.682771652,7.698451455,6.784574266
7.698451455,6.784574266,5.972353053
6.784574266,5.972353053,5.27846165
5.972353053,5.27846165,4.708319023
5.27846165,4.708319023,4.259642211
4.708319023,4.259642211,3.925607315
4.259642211,3.925607315,3.69734536
3.925607315,3.69734536,3.565741376
3.69734536,3.565741376,3.522625128
3.565741376,3.522625128,3.561482514
3.522625128,3.561482514,3.67781294
3.561482514,3.67781294,3.869232839
3.67781294,3.869232839,4.135391625
3.869232839,4.135391625,4.477729495
4.135391625,4.477729495,4.899068308
4.477729495,4.899068308,5.402987537
4.899068308,5.402987537,5.992897926
5.402987537,5.992897926,6.670691243
5.992897926,6.670691243,7.434829898
6.670691243,7.434829898,8.277776037
7.434829898,8.277776037,9.182798827
8.277776037,9.182798827,10.12050946
9.182798827,10.12050946,11.04600043
10.12050946,11.04600043,11.89812889
11.04600043,11.89812889,12.60293622
11.89812889,12.60293622,13.08277546
12.60293622,13.08277546,13.27079881
13.08277546,13.27079881,13.12729716
13.27079881,13.12729716,12.65180176
13.12729716,12.65180176,11.88533604
12.65180176,11.88533604,10.90138477
11.88533604,10.90138477,9.789439633
10.90138477,9.789439633,8.637690822
9.789439633,8.637690822,7.520248742
8.637690822,7.520248742,6.490958994
7.520248742,6.490958994,5.582950446
6.490958994,5.582950446,4.811743069
5.582950446,4.811743069,4.179802505
4.811743069,4.179802505,3.68110199
4.179802505,3.68110199,3.304960038
3.68110199,3.304960038,3.038924762
3.304960038,3.038924762,2.870754194
3.038924762,2.870754194,2.789659762
2.870754194,2.789659762,2.787004717
2.789659762,2.787004717,2.856629084
2.787004717,2.856629084,2.994935225
2.856629084,2.994935225,3.200827173
2.994935225,3.200827173,3.475557724
3.200827173,3.475557724,3.822500296
3.475557724,3.822500296,4.246825819
3.822500296,4.246825819,4.755025056
4.246825819,4.755025056,5.354170769
4.755025056,5.354170769,6.050761846
5.354170769,6.050761846,6.848940312
6.050761846,6.848940312,7.747847098
6.848940312,7.747847098,8.737940101
7.747847098,8.737940101,9.7963401
8.737940101,9.7963401,10.88183139
9.7963401,10.88183139,11.93110292
10.88183139,11.93110292,12.85896528
11.93110292,12.85896528,13.56582017
12.85896528,13.56582017,13.95422685
13.56582017,13.95422685,13.95213221
13.95422685,13.95213221,13.53478509
13.95213221,13.53478509,12.73501037
13.53478509,12.73501037,11.63600743
12.73501037,11.63600743,10.34994224
11.63600743,10.34994224,8.992305085
10.34994224,8.992305085,7.661741888
8.992305085,7.661741888,6.42979614
7.661741888,6.42979614,5.339659543
6.42979614,5.339659543,4.410486661
5.339659543,4.410486661,3.643862447
4.410486661,3.643862447,3.030174448
3.643862447,3.030174448,2.553827843
3.030174448,2.553827843,2.197034508
2.553827843,2.197034508,1.942309996
2.197034508,1.942309996,1.773958446
1.942309996,1.773958446,1.678837815
1.773958446,1.678837815,1.646654695
1.678837815,1.646654695,1.669979874
1.646654695,1.669979874,1.744121019
1.669979874,1.744121019,1.866943393
1.744121019,1.866943393,2.038694343
1.866943393,2.038694343,2.261860418
2.038694343,2.261860418,2.541064698
2.261860418,2.541064698,2.88299253
2.541064698,2.88299253,3.296312248
2.88299253,3.296312248,3.791528362
3.296312248,3.791528362,4.380661698
3.791528362,4.380661698,5.076586999
4.380661698,5.076586999,5.891768319
5.076586999,5.891768319,6.8360209
5.891768319,6.8360209,7.912828649
6.8360209,7.912828649,9.113757494
7.912828649,9.113757494,10.41083963
9.113757494,10.41083963,11.74780392
10.41083963,11.74780392,13.03299714
11.74780392,13.03299714,14.13945599
13.03299714,14.13945599,14.91894316
14.13945599,14.91894316,15.23327497
14.91894316,15.23327497,14.99593986
15.23327497,14.99593986,14.20526244
14.99593986,14.20526244,12.9495099
14.20526244,12.9495099,11.37982024
12.9495099,11.37982024,9.666378025
11.37982024,9.666378025,7.959541375
9.666378025,7.959541375,6.368555002
7.959541375,6.368555002,4.957816225
6.368555002,4.957816225,3.753936056
4.957816225,3.753936056,2.756639651
3.753936056,2.756639651,1.949169204
2.756639651,1.949169204,1.306397372
1.949169204,1.306397372,0.800392837
1.306397372,0.800392837,0.403839604
0.800392837,0.403839604,0.091874845
0.403839604,0.091874845,-0.157140828
0.091874845,-0.157140828,-0.36152156
-0.157140828,-0.36152156,-0.536538825
-0.36152156,-0.536538825,-0.69489878
-0.536538825,-0.69489878,-0.847295719
-0.69489878,-0.847295719,-1.002973126
-0.847295719,-1.002973126,-1.170257699
-1.002973126,-1.170257699,-1.357053095
-1.170257699,-1.357053095,-1.571292426
-1.357053095,-1.571292426,-1.821353688
-1.571292426,-1.821353688,-2.116441608
-1.821353688,-2.116441608,-2.466932526
-2.116441608,-2.466932526,-2.884664195
-2.466932526,-2.884664195,-3.383125913
-2.884664195,-3.383125913,-3.977459676
-3.383125913,-3.977459676,-4.684110544
-3.977459676,-4.684110544,-5.519853097
-4.684110544,-5.519853097,-6.499764763
-5.519853097,-6.499764763,-7.633534909
-6.499764763,-7.633534909,-8.919380075
-7.633534909,-8.919380075,-10.33502166
-8.919380075,-10.33502166,-11.82615037
-10.33502166,-11.82615037,-13.29517911
-11.82615037,-13.29517911,-14.59696809
-13.29517911,-14.59696809,-15.55155388
-14.59696809,-15.55155388,-15.98133715
-15.55155388,-15.98133715,-15.76656215
-15.98133715,-15.76656215,-14.89375954
-15.76656215,-14.89375954,-13.46676794
-14.89375954,-13.46676794,-11.67161546
-13.46676794,-11.67161546,-9.717221031
-11.67161546,-9.717221031,-7.783991438
-9.717221031,-7.783991438,-5.997887807
-7.783991438,-5.997887807,-4.42831003
-5.997887807,-4.42831003,-3.099221259
-4.42831003,-3.099221259,-2.003871687
-3.099221259,-2.003871687,-1.117810608
-2.003871687,-1.117810608,-0.408430219
-1.117810608,-0.408430219,0.158859199
-0.408430219,0.158859199,0.617077398
0.158859199,0.617077398,0.995943375
0.617077398,0.995943375,1.321311779
0.995943375,1.321311779,1.615302747
1.321311779,1.615302747,1.896804139
1.615302747,1.896804139,2.182138682
1.896804139,2.182138682,2.485766702
2.182138682,2.485766702,2.820944461
2.485766702,2.820944461,3.200284535
2.820944461,3.200284535,3.636171473
3.200284535,3.636171473,4.14097493
3.636171473,4.14097493,4.726973163
4.14097493,4.726973163,5.405851733
4.726973163,5.405851733,6.187577964
5.405851733,6.187577964,7.078384419
6.187577964,7.078384419,8.077563488
7.078384419,8.077563488,9.172867768
8.077563488,9.172867768,10.3346836
9.172867768,10.3346836,11.50999624
10.3346836,11.50999624,12.61856943
11.50999624,12.61856943,13.5552781
12.61856943,13.5552781,14.20275844
13.5552781,14.20275844,14.45545708
14.20275844,14.45545708,14.24928947
14.45545708,14.24928947,13.58434064
14.24928947,13.58434064,12.52829191
13.58434064,12.52829191,11.19797327
12.52829191,11.19797327,9.72852641
11.19797327,9.72852641,8.24429616
9.72852641,8.24429616,6.840836346
8.24429616,6.840836346,5.579457489
6.840836346,5.579457489,4.490591712
5.579457489,4.490591712,3.581207881
4.490591712,3.581207881,2.84279338
3.581207881,2.84279338,2.258119011
2.84279338,2.258119011,1.806232457
2.258119011,1.806232457,1.465774435
1.806232457,1.465774435,1.216958848
1.465774435,1.216958848,1.042593966
1.216958848,1.042593966,0.928469952
1.042593966,0.928469952,0.863362559
0.928469952,0.863362559,0.838831206
0.863362559,0.838831206,0.848931221
0.838831206,0.848931221,0.889916167
0.848931221,0.889916167,0.95997515
0.889916167,0.95997515,1.059029237
0.95997515,1.059029237,1.188597871
1.059029237,1.188597871,1.351738103
1.188597871,1.351738103,1.553054423
1.351738103,1.553054423,1.798772968
1.553054423,1.798772968,2.096868931
1.798772968,2.096868931,2.45722727
2.096868931,2.45722727,2.891800738
2.45722727,2.891800738,3.414699784
2.891800738,3.414699784,4.042097318
3.414699784,4.042097318,4.791745148
4.042097318,4.791745148,5.681763839
4.791745148,5.681763839,6.728176614
5.681763839,6.728176614,7.94043752
6.728176614,7.94043752,9.314078144
7.94043752,9.314078144,10.81989707
9.314078144,10.81989707,12.39048483
10.81989707,12.39048483,13.90809007
12.39048483,13.90809007,15.20273003
13.90809007,15.20273003,16.07269447
15.20273003,16.07269447,16.33377965
16.07269447,16.33377965,15.88406938
16.33377965,15.88406938,14.74978313
15.88406938,14.74978313,13.08064259
14.74978313,13.08064259,11.09657149
13.08064259,11.09657149,9.019585856
11.09657149,9.019585856,7.025157797
9.019585856,7.025157797,5.224590459
7.025157797,5.224590459,3.670472861
5.224590459,3.670472861,2.372149314
3.670472861,2.372149314,1.311945713
2.372149314,1.311945713,0.458065661
1.311945713,0.458065661,-0.226616846
0.458065661,-0.226616846,-0.779230401
-0.226616846,-0.779230401,-1.234079063
-0.779230401,-1.234079063,-1.621457179
-1.234079063,-1.621457179,-1.967463911
-1.621457179,-1.967463911,-2.2943747
-1.967463911,-2.2943747,-2.621278506
-2.2943747,-2.621278506,-2.964794564
-2.621278506,-2.964794564,-3.339748991
-2.964794564,-3.339748991,-3.759728087
-3.339748991,-3.759728087,-4.237437083
-3.759728087,-4.237437083,-4.784784119
-4.237437083,-4.784784119,-5.412582029
-4.784784119,-5.412582029,-6.129719927
-5.412582029,-6.129719927,-6.941614829
-6.129719927,-6.941614829,-7.847740131
-6.941614829,-7.847740131,-8.838103272
-7.847740131,-8.838103272,-9.888811288
-8.838103272,-9.888811288,-10.95744508
-9.888811288,-10.95744508,-11.97990888
-10.95744508,-11.97990888,-12.8714729
-11.97990888,-12.8714729,-13.5350536
-12.8714729,-13.5350536,-13.87809388
-13.5350536,-13.87809388,-13.83510402
-13.87809388,-13.83510402,-13.38783864
-13.83510402,-13.38783864,-12.5735127
-13.38783864,-12.5735127,-11.47633584
-12.5735127,-11.47633584,-10.20626167
-11.47633584,-10.20626167,-8.874612306
-10.20626167,-8.874612306,-7.575439903
-8.874612306,-7.575439903,-6.376381202
-7.575439903,-6.376381202,-5.317898802
-6.376381202,-5.317898802,-4.41760593
-5.317898802,-4.41760593,-3.676500581
-4.41760593,-3.676500581,-3.085043487
-3.676500581,-3.085043487,-2.628114081
-3.085043487,-2.628114081,-2.288607873
-2.628114081,-2.288607873,-2.049808184
-2.288607873,-2.049808184,-1.896798921
-2.049808184,-1.896798921,-1.817195614
-1.896798921,-1.817195614,-1.801430952
-1.817195614,-1.801430952,-1.842776044
-1.801430952,-1.842776044,-1.937226423
-1.842776044,-1.937226423,-2.083338172
-1.937226423,-2.083338172,-2.282065087
-2.083338172,-2.282065087,-2.53662063
-2.282065087,-2.53662063,-2.852365395
-2.53662063,-2.852365395,-3.236698022
-2.852365395,-3.236698022,-3.69890022
-3.236698022,-3.69890022,-4.249848903
-3.69890022,-4.249848903,-4.90145405
-4.249848903,-4.90145405,-5.665604379
-4.90145405,-5.665604379,-6.552305689
-5.665604379,-6.552305689,-7.566601078
-6.552305689,-7.566601078,-8.703838513
-7.566601078,-8.703838513,-9.943059167
-8.703838513,-9.943059167,-11.23899527
-9.943059167,-11.23899527,-12.51469249
-11.23899527,-12.51469249,-13.6590462
-12.51469249,-13.6590462,-14.53535143
-13.6590462,-14.53535143,-15.00547639
-14.53535143,-15.00547639,-14.96679216
-15.00547639,-14.96679216,-14.3878266
-14.96679216,-14.3878266,-13.32342924
-14.3878266,-13.32342924,-11.89953725
-13.32342924,-11.89953725,-10.27588296
-11.89953725,-10.27588296,-8.60612889
-10.27588296,-8.60612889,-7.011102334
-8.60612889,-7.011102334,-5.56928364
-7.011102334,-5.56928364,-4.320060795
-5.56928364,-4.320060795,-3.272997908
-4.320060795,-3.272997908,-2.418058388
-3.272997908,-2.418058388,-1.734227377
-2.418058388,-1.734227377,-1.195779634
-1.734227377,-1.195779634,-0.776353393
-1.195779634,-0.776353393,-0.4513109
-0.776353393,-0.4513109,-0.198891878
-0.4513109,-0.198891878,-0.000580921
-0.198891878,-0.000580921,0.158997938
-0.000580921,0.158997938,0.292442769
0.158997938,0.292442769,0.410050498
0.292442769,0.410050498,0.520323558
0.410050498,0.520323558,0.630459833
0.520323558,0.630459833,0.746804992
0.630459833,0.746804992,0.875262537
0.746804992,0.875262537,1.021666327
0.875262537,1.021666327,1.19212519
1.021666327,1.19212519,1.393350657
1.19212519,1.393350657,1.632977627
1.393350657,1.632977627,1.919883549
1.632977627,1.919883549,2.26450333
1.919883549,2.26450333,2.679121894
2.26450333,2.679121894,3.178099252
2.679121894,3.178099252,3.777935885
3.178099252,3.777935885,4.497006924
3.777935885,4.497006924,5.354665909
4.497006924,5.354665909,6.369228754
5.354665909,6.369228754,7.554104536
6.369228754,7.554104536,8.911127143
7.554104536,8.911127143,10.42023108
8.911127143,10.42023108,12.02560619
10.42023108,12.02560619,13.62126616
12.02560619,13.62126616,15.04400106
13.62126616,15.04400106,16.0866634
15.04400106,16.0866634,16.54241311
16.0866634,16.54241311,16.27303044
16.54241311,16.27303044,15.26838133
16.27303044,15.26838133,13.65735953
15.26838133,13.65735953,11.66088632
13.65735953,11.66088632,9.51816539
11.66088632,9.51816539,7.427336362
9.51816539,7.427336362,5.519568846
7.427336362,5.519568846,3.861115444
5.519568846,3.861115444,2.468896983
3.861115444,2.468896983,1.328282158
2.468896983,1.328282158,0.407661475
1.328282158,0.407661475,-0.331459216
0.407661475,-0.331459216,-0.928268961
-0.331459216,-0.928268961,-1.419307359
-0.928268961,-1.419307359,-1.83699573
-1.419307359,-1.83699573,-2.209312448
-1.83699573,-2.209312448,-2.560107687
-2.209312448,-2.560107687,-2.909725167
-2.560107687,-2.909725167,-3.275717005
-2.909725167,-3.275717005,-3.673512504
-3.275717005,-3.673512504,-4.116942702
-3.673512504,-4.116942702,-4.618536749
-4.116942702,-4.618536749,-5.189499038
-4.618536749,-5.189499038,-5.839252692
-5.189499038,-5.839252692,-6.574404542
-5.839252692,-6.574404542,-7.396968326
-6.574404542,-7.396968326,-8.301715132
-7.396968326,-8.301715132,-9.272670976
-8.301715132,-9.272670976,-10.27914411
-9.272670976,-10.27914411,-11.27231096
-10.27914411,-11.27231096,-12.18424048
-11.27231096,-12.18424048,-12.93185635
-12.18424048,-12.93185635,-13.4278482
-12.93185635,-13.4278482,-13.59808308
-13.4278482,-13.59808308,-13.40098886
-13.59808308,-13.40098886,-12.8411866
-13.40098886,-12.8411866,-11.97064245
-12.8411866,-11.97064245,-10.87632805
-11.97064245,-10.87632805,-9.659974728
-10.87632805,-9.659974728,-8.418200656
-9.659974728,-8.418200656,-7.229026869
-8.418200656,-7.229026869,-6.146413168
-7.229026869,-6.146413168,-5.201129532
-6.146413168,-5.201129532,-4.405141639
-5.201129532,-4.405141639,-3.757097344
-4.405141639,-3.757097344,-3.247436317
-3.757097344,-3.247436317,-2.862473954
-3.247436317,-2.862473954,-2.587337502
-2.862473954,-2.587337502,-2.407892612
-2.587337502,-2.407892612,-2.311888312
-2.407892612,-2.311888312,-2.289549422
-2.311888312,-2.289549422,-2.333809061
-2.289549422,-2.333809061,-2.440327199
-2.333809061,-2.440327199,-2.607396366
-2.440327199,-2.607396366,-2.835796481
-2.607396366,-2.835796481,-3.128627062
-2.835796481,-3.128627062,-3.491114186
-3.128627062,-3.491114186,-3.930357457
-3.491114186,-3.930357457,-4.45494434
-3.930357457,-4.45494434,-5.074310386
-4.45494434,-5.074310386,-5.797661486
-5.074310386,-5.797661486,-6.632202407
-5.797661486,-6.632202407,-7.58035713
-6.632202407,-7.58035713,-8.635681476
-7.58035713,-8.635681476,-9.777381359
-8.635681476,-9.777381359,-10.96395471
-9.777381359,-10.96395471,-12.12765212
-10.96395471,-12.12765212,-13.17307998
-12.12765212,-13.17307998,-13.98443043
-13.17307998,-13.98443043,-14.44458095
-13.98443043,-14.44458095,-14.46395334
-14.44458095,-14.46395334,-14.00911665
-14.46395334,-14.00911665,-13.11698782
-14.00911665,-13.11698782,-11.88612302
-13.11698782,-11.88612302,-10.44934976
-11.88612302,-10.44934976,-8.941406856
-10.44934976,-8.941406856,-7.474502669
-8.941406856,-7.474502669,-6.127027689
-7.474502669,-6.127027689,-4.943475199
-6.127027689,-4.943475199,-3.940696386
-4.943475199,-3.940696386,-3.116136628
-3.940696386,-3.116136628,-2.455449644
-3.116136628,-2.455449644,-1.938429575
-2.455449644,-1.938429575,-1.543126155
-1.938429575,-1.543126155,-1.248420144
-1.543126155,-1.248420144,-1.035448302
-1.248420144,-1.035448302,-0.888241467
-1.035448302,-0.888241467,-0.793866548
-0.888241467,-0.793866548,-0.742285585
-0.793866548,-0.742285585,-0.726078491
-0.742285585,-0.726078491,-0.740124589
-0.726078491,-0.740124589,-0.781300861
-0.740124589,-0.781300861,-0.848229369
-0.781300861,-0.848229369,-0.941089864
-0.848229369,-0.941089864,-1.06150365
-0.941089864,-1.06150365,-1.212489085
-1.06150365,-1.212489085,-1.398485989
-1.212489085,-1.398485989,-1.6254439
-1.398485989,-1.6254439,-1.900966014
-1.6254439,-1.900966014,-2.234494567
-1.900966014,-2.234494567,-2.637511206
-2.234494567,-2.637511206,-3.123702666
-2.637511206,-3.123702666,-3.708999953
-3.123702666,-3.708999953,-4.411326459
-3.708999953,-4.411326459,-5.249771384
-4.411326459,-5.249771384,-6.242724952
-5.249771384,-6.242724952,-7.404275432
-6.242724952,-7.404275432,-8.737946701
-7.404275432,-8.737946701,-10.22688833
-8.737946701,-10.22688833,-11.82046781
-10.22688833,-11.82046781,-13.41973322
-11.82046781,-13.41973322,-14.86897135
-13.41973322,-14.86897135,-15.96578401
-14.86897135,-15.96578401,-16.50115783
-15.96578401,-16.50115783,-16.32558776
-16.50115783,-16.32558776,-15.41144807
-16.32558776,-15.41144807,-13.87119665
-15.41144807,-13.87119665,-11.91690037
-13.87119665,-11.91690037,-9.787992573
-11.91690037,-9.787992573,-7.688926381
-9.787992573,-7.688926381,-5.759126995
-7.688926381,-5.759126995,-4.072200064
-5.759126995,-4.072200064,-2.650397735
-4.072200064,-2.650397735,-1.482397117
-2.650397735,-1.482397117,-0.538325594
-1.482397117,-0.538325594,0.219632197
-0.538325594,0.219632197,0.830623045
0.219632197,0.830623045,1.331480795
0.830623045,1.331480795,1.755062015
1.331480795,1.755062015,2.129803397
1.755062015,2.129803397,2.479972393
2.129803397,2.479972393,2.826261138
2.479972393,2.826261138,3.186498146
2.826261138,3.186498146,3.576331902
3.186498146,3.576331902,4.009785477
3.576331902,4.009785477,4.499598849
4.009785477,4.499598849,5.057271119
4.499598849,5.057271119,5.692692975
5.057271119,5.692692975,6.413228296
5.692692975,6.413228296,7.222079204
6.413228296,7.222079204,8.115785297
7.222079204,8.115785297,9.080828007
8.115785297,9.080828007,10.08962709
9.080828007,10.08962709,11.09681502
10.08962709,11.09681502,12.03752439
11.09681502,12.03752439,12.83016962
12.03752439,12.83016962,13.38602603
12.83016962,13.38602603,13.62583432
13.38602603,13.62583432,13.49967849
13.62583432,13.49967849,13.00264185
13.49967849,13.00264185,12.17873523
13.00264185,12.17873523,11.11069798
12.17873523,11.11069798,9.900286743
11.11069798,9.900286743,8.647418836
9.900286743,8.647418836,7.435023586
8.647418836,7.435023586,6.322077084
7.435023586,6.322077084,5.34354585
6.322077084,5.34354585,4.514416805
5.34354585,4.514416805,3.835210736
4.514416805,3.835210736,3.297302149
3.835210736,3.297302149,2.887260046
3.297302149,2.887260046,2.590016559
2.887260046,2.590016559,2.390975301
2.590016559,2.390975301,2.27728504
2.390975301,2.27728504,2.238515638
2.27728504,2.238515638,2.266939838
2.238515638,2.266939838,2.357577536
2.266939838,2.357577536,2.508112971
2.357577536,2.508112971,2.718754893
2.508112971,2.718754893,2.992075385
2.718754893,2.992075385,3.332832434
2.992075385,3.332832434,3.747750842
3.332832434,3.747750842,4.24520085
3.747750842,4.24520085,4.834669035
4.24520085,4.834669035,5.525857217
4.834669035,5.525857217,6.327173266
5.525857217,6.327173266,7.243307125
6.327173266,7.243307125,8.271561808
7.243307125,8.271561808,9.396734873
8.271561808,9.396734873,10.5848001
9.396734873,10.5848001,11.77663602
10.5848001,11.77663602,12.88462555
11.77663602,12.88462555,13.79650298
12.88462555,13.79650298,14.39066206
13.79650298,14.39066206,14.56310869
14.39066206,14.56310869,14.25842981
14.56310869,14.25842981,13.49066577
14.25842981,13.49066577,12.34221429
13.49066577,12.34221429,10.94068105
12.34221429,10.94068105,9.425674058
10.94068105,9.425674058,7.920224608
9.425674058,7.920224608,6.514999197
7.920224608,6.514999197,5.26518517
6.514999197,5.26518517,4.195468399
5.26518517,4.195468399,3.308217039
4.195468399,3.308217039,2.59162798
3.308217039,2.59162798,2.026337859
2.59162798,2.026337859,1.59014702
2.026337859,1.59014702,1.261061078
1.59014702,1.261061078,1.019038131
1.261061078,1.019038131,0.846830477
1.019038131,0.846830477,0.730241948
0.846830477,0.730241948,0.658040783
0.730241948,0.658040783,0.62169547
0.658040783,0.62169547,0.615043736
0.62169547,0.615043736,0.633962835
0.615043736,0.633962835,0.676080088
0.633962835,0.676080088,0.74054356
0.676080088,0.74054356,0.82786102
0.74054356,0.82786102,0.939808796
0.82786102,0.939808796,1.079408836
0.939808796,1.079408836,1.250970934
1.079408836,1.250970934,1.460196227
1.250970934,1.460196227,1.71433648
1.460196227,1.71433648,2.022399695
1.71433648,2.022399695,2.395383602
2.022399695,2.395383602,2.84650059
2.395383602,2.84650059,3.391323736
2.84650059,3.391323736,4.047723191
3.391323736,4.047723191,4.835359612
4.047723191,4.835359612,5.774337922
4.835359612,5.774337922,6.882389819
5.774337922,6.882389819,8.169678782
6.882389819,8.169678782,9.630164635
8.169678782,9.630164635,11.22885916
9.630164635,11.22885916,12.88609595
11.22885916,12.88609595,14.46411188
12.88609595,14.46411188,15.76736638
14.46411188,15.76736638,16.57120758
15.76736638,16.57120758,16.68388838
16.57120758,16.68388838,16.02074611
16.68388838,16.02074611,14.64644687
16.02074611,14.64644687,12.75388525
14.64644687,12.75388525,10.5935349
12.75388525,10.5935349,8.398312358
10.5935349,8.398312358,6.338681068
8.398312358,6.338681068,4.512951309
6.338681068,4.512951309,2.959298231
4.512951309,2.959298231,1.674731149
2.959298231,1.674731149,0.632405138
1.674731149,0.632405138,-0.20567654
0.632405138,-0.20567654,-0.880525563
-0.20567654,-0.880525563,-1.431540379
-0.880525563,-1.431540379,-1.894258952
-1.431540379,-1.894258952,-2.299597928
-1.894258952,-2.299597928,-2.67394776
-2.299597928,-2.67394776,-3.039704395
-2.67394776,-3.039704395,-3.41596617
-3.039704395,-3.41596617,-3.819220176
-3.41596617,-3.819220176,-4.263897772
-3.819220176,-4.263897772,-4.762703868
-4.263897772,-4.762703868,-5.326626337
-4.762703868,-5.326626337,-5.964517646
-5.326626337,-5.964517646,-6.682121012
-5.964517646,-6.682121012,-7.480408144
-6.682121012,-7.480408144,-8.353141609
-7.480408144,-8.353141609,-9.283732071
-8.353141609,-9.283732071,-10.24180394
-9.283732071,-10.24180394,-11.18045562
-10.24180394,-11.18045562,-12.03590106
-11.18045562,-12.03590106,-12.73160593
-12.03590106,-12.73160593,-13.18845715
-12.73160593,-13.18845715,-13.34030215
-13.18845715,-13.34030215,-13.15079726
-13.34030215,-13.15079726,-12.62501787
-13.15079726,-12.62501787,-11.81028366
-12.62501787,-11.81028366,-10.7854252
-11.81028366,-10.7854252,-9.643153394
-10.7854252,-9.643153394,-8.472492585
-9.643153394,-8.472492585,-7.34649825
-8.472492585,-7.34649825,-6.316882766
-7.34649825,-6.316882766,-5.414308973
-6.316882766,-5.414308973,-4.652000956
-5.414308973,-4.652000956,-4.030549537
-4.652000956,-4.030549537,-3.542541145
-4.030549537,-3.542541145,-3.176356912
-3.542541145,-3.176356912,-2.918972657
-3.176356912,-2.918972657,-2.757845807
-2.918972657,-2.757845807,-2.682075143
-2.757845807,-2.682075143,-2.683032652
-2.682075143,-2.683032652,-2.754640427
-2.683032652,-2.754640427,-2.893425342
-2.754640427,-2.893425342,-3.098442518
-2.893425342,-3.098442518,-3.371119693
-3.098442518,-3.371119693,-3.715038441
-3.371119693,-3.715038441,-4.135632418
-3.715038441,-4.135632418,-4.63974368
-4.135632418,-4.63974368,-5.234932298
-4.63974368,-5.234932298,-5.928380569
-5.234932298,-5.928380569,-6.725177114
-5.928380569,-6.725177114,-7.625730503
-6.725177114,-7.625730503,-8.622100652
-7.625730503,-8.622100652,-9.693251132
-8.622100652,-9.693251132,-10.79976195
-9.693251132,-10.79976195,-11.87950983
-10.79976195,-11.87950983,-12.84706913
-11.87950983,-12.84706913,-13.60035125
-12.84706913,-13.60035125,-14.03684148
-13.60035125,-14.03684148,-14.07756207
-14.03684148,-14.07756207,-13.69086484
-14.07756207,-13.69086484,-12.90496018
-13.69086484,-12.90496018,-11.80211513
-12.90496018,-11.80211513,-10.49707065
-11.80211513,-10.49707065,-9.109985401
-10.49707065,-9.109985401,-7.744566017
-9.109985401,-7.744566017,-6.476589537
-7.744566017,-6.476589537,-5.35213946
-6.476589537,-5.35213946,-4.391940257
-5.35213946,-4.391940257,-3.598105993
-4.391940257,-3.598105993,-2.960849405
-3.598105993,-2.960849405,-2.463985558
-2.960849405,-2.463985558,-2.08892934
-2.463985558,-2.08892934,-1.817325014
-2.08892934,-1.817325014,-1.632604564
-1.817325014,-1.632604564,-1.520784987
-1.632604564,-1.520784987,-1.470768377
-1.520784987,-1.470768377,-1.474346776
-1.470768377,-1.474346776,-1.526055789
-1.474346776,-1.526055789,-1.622973368
-1.526055789,-1.622973368,-1.764523867
-1.622973368,-1.764523867,-1.952320708
-1.764523867,-1.952320708,-2.19006104
-1.952320708,-2.19006104,-2.483469525
-2.19006104,-2.483469525,-2.840272182
-2.483469525,-2.840272182,-3.270160759
-2.840272182,-3.270160759,-3.784677893
-3.270160759,-3.784677893,-4.396906331
-3.784677893,-4.396906331,-5.120773654
-4.396906331,-5.120773654,-5.969681222
-5.120773654,-5.969681222,-6.954037929
-5.969681222,-6.954037929,-8.077165807
-6.954037929,-8.077165807,-9.329063899
-8.077165807,-9.329063899,-10.6779259
-9.329063899,-10.6779259,-12.06051424
-10.6779259,-12.06051424,-13.37483424
-12.06051424,-13.37483424,-14.48153864
-13.37483424,-14.48153864,-15.22165714
-14.48153864,-15.22165714,-15.45332158
-15.22165714,-15.45332158,-15.09753055
-15.45332158,-15.09753055,-14.1705322
-15.09753055,-14.1705322,-12.78257163
-14.1705322,-12.78257163,-11.1027611
-12.78257163,-11.1027611,-9.310423315
-11.1027611,-9.310423315,-7.556262624
-9.310423315,-7.556262624,-5.944149848
-7.556262624,-5.944149848,-4.530860832
-5.944149848,-4.530860832,-3.33555281
-4.530860832,-3.33555281,-2.351823663
-3.33555281,-2.351823663,-1.558393419
-2.351823663,-1.558393419,-0.927044016
-1.558393419,-0.927044016,-0.427849483
-0.927044016,-0.427849483,-0.032249298
-0.427849483,-0.032249298,0.285409178
-0.032249298,0.285409178,0.547330884
0.285409178,0.547330884,0.772342429
0.547330884,0.772342429,0.976298907
0.772342429,0.976298907,1.172651358
0.976298907,1.172651358,1.373066876
1.172651358,1.373066876,1.588040422
1.373066876,1.588040422,1.827467467
1.588040422,1.827467467,2.101163422
1.827467467,2.101163422,2.419321925
2.101163422,2.419321925,2.792900356
2.419321925,2.792900356,3.233906513
2.792900356,3.233906513,3.755532315
3.233906513,3.755532315,4.372033259
3.755532315,4.372033259,5.098179358
4.372033259,5.098179358,5.947998828
5.098179358,5.947998828,6.932405485
5.947998828,6.932405485,8.05518389
6.932405485,8.05518389,9.306819792
8.05518389,9.306819792,10.65606181
9.306819792,10.65606181,12.04029174
10.65606181,12.04029174,13.35810857
12.04029174,13.35810857,14.47052919
13.35810857,14.47052919,15.21844211
14.47052919,15.21844211,15.459144
15.21844211,15.459144,15.11221721
15.459144,15.11221721,14.19238408
15.11221721,14.19238408,12.80883586
14.19238408,12.80883586,11.13042156
12.80883586,11.13042156,9.336899898
11.13042156,9.336899898,7.579773321
9.336899898,7.579773321,5.963740907
7.579773321,5.963740907,4.546243318
5.963740907,4.546243318,3.346882357
4.546243318,3.346882357,2.359503329
3.346882357,2.359503329,1.562928032
2.359503329,1.562928032,0.928945691
1.562928032,0.928945691,0.427583308
0.928945691,0.427583308,0.030206838
0.427583308,0.030206838,-0.288918826
0.030206838,-0.288918826,-0.552079914
-0.288918826,-0.552079914,-0.778178084
-0.552079914,-0.778178084,-0.983135372
-0.778178084,-0.983135372,-1.180461692
-0.983135372,-1.180461692,-1.381875989
-1.180461692,-1.381875989,-1.597919509
-1.381875989,-1.597919509,-1.83852988
-1.597919509,-1.83852988,-2.113561623
-1.83852988,-2.113561623,-2.433244842
-2.113561623,-2.433244842,-2.808570017
-2.433244842,-2.808570017,-3.251572206
-2.808570017,-3.251572206,-3.775459557
-3.251572206,-3.775459557,-4.39448341
-3.775459557,-4.39448341,-5.123373718
-4.39448341,-5.123373718,-5.976058647
-5.123373718,-5.976058647,-6.963257321
-5.976058647,-6.963257321,-8.088420534
-6.963257321,-8.088420534,-9.341515392
-8.088420534,-9.341515392,-10.69056435
-9.341515392,-10.69056435,-12.07206465
-10.69056435,-12.07206465,-13.38376054
-12.07206465,-13.38376054,-14.48621276
-13.38376054,-14.48621276,-15.22072055
-14.48621276,-15.22072055,-15.44614867
-15.22072055,-15.44614867,-15.0845653
-15.44614867,-15.0845653,-14.15326355
-15.0845653,-14.15326355,-12.76311643
-14.15326355,-12.76311643,-11.08327752
-12.76311643,-11.08327752,-9.292643735
-11.08327752,-9.292643735,-7.541291076
-9.292643735,-7.541291076,-5.932490836
-7.541291076,-5.932490836,-4.522567693
-5.932490836,-4.522567693,-3.330398554
-4.522567693,-3.330398554,-2.349443322
-3.330398554,-2.349443322,-1.558383677
-2.349443322,-1.558383677,-0.929024374
-1.558383677,-0.929024374,-0.431494995
-0.929024374,-0.431494995,-0.037304632
-0.431494995,-0.037304632,0.279126814
-0.037304632,0.279126814,0.539934672
0.279126814,0.539934672,0.763881323
0.539934672,0.763881323,0.96676337
0.763881323,0.96676337,1.161978283
0.96676337,1.161978283,1.361143118
1.161978283,1.361143118,1.574704802
1.361143118,1.574704802,1.81251142
1.574704802,1.81251142,2.08433077
1.81251142,2.08433077,2.400308643
2.08433077,2.400308643,2.77135575
2.400308643,2.77135575,3.20943815
2.77135575,3.20943815,3.727718424
3.20943815,3.727718424,4.340448499
3.727718424,4.340448499,5.062442868
4.340448499,5.062442868,5.907857263
5.062442868,5.907857263,6.887867227
5.907857263,6.887867227,8.006720656
6.887867227,8.006720656,9.255641185
8.006720656,9.255641185,10.60443482
9.255641185,10.60443482,11.99180718
10.60443482,11.99180718,13.31769416
11.99180718,13.31769416,14.44393532
13.31769416,14.44393532,15.21102192
14.44393532,15.21102192,15.47414034
15.21102192,15.47414034,15.14930743
15.47414034,15.14930743,14.24738991
15.14930743,14.24738991,12.87489424
14.24738991,12.87489424,11.19997138
12.87489424,11.19997138,9.403453041
11.19997138,9.403453041,7.638840419
9.403453041,7.638840419,6.012916865
7.638840419,6.012916865,4.584799443
6.012916865,4.584799443,3.375211794
4.584799443,3.375211794,2.378623454
3.375211794,2.378623454,1.574112553
2.378623454,1.574112553,0.933486036
1.574112553,0.933486036,0.426651553
0.933486036,0.426651553,0.024788894
0.426651553,0.024788894,-0.298045679
0.024788894,-0.298045679,-0.564344002
-0.298045679,-0.564344002,-0.79319755
